dataset,n_samples,n_features,n_clusters,cluster_algorithm,backend,train_fidelity,test_fidelity,test_fidelity_std,mean_rules,mean_atoms,mean_time
Iris,150,4,3,kmeans,cart,1.0,0.9400000000000001,0.038873012632301994,9.0,36.8,0.0007085323333740235
Iris,150,4,3,kmeans,rulegp,0.9733333333333333,0.9466666666666669,0.04521553322083511,4.6,4.0,2.291063165664673
Iris,150,4,3,kmeans,rulensga2,0.8883333333333333,0.8533333333333333,0.10241527663824812,3.6,2.6,1.7789061546325684
Iris,150,4,3,kmeans,ruleplcs,1.0,0.9333333333333333,0.04216370213557838,5.2,10.2,2.825027418136597
Iris,150,4,3,gmm,cart,1.0,0.9733333333333334,0.024944382578492935,5.0,12.4,0.0003977775573730469
Iris,150,4,3,gmm,rulegp,0.9966666666666667,0.9666666666666668,0.036514837167011066,5.0,4.4,2.767398405075073
Iris,150,4,3,gmm,rulensga2,0.9516666666666665,0.9266666666666665,0.03265986323710904,3.0,2.2,1.8587478637695312
Iris,150,4,3,gmm,ruleplcs,1.0,0.9600000000000002,0.024944382578492935,3.8,5.6,2.209760570526123
Wine,178,13,3,kmeans,cart,1.0,0.8934920634920636,0.044184044414258945,9.4,34.2,0.0006174087524414062
Wine,178,13,3,kmeans,rulegp,0.9816901408450704,0.9377777777777776,0.05176063675476527,7.0,6.0,3.4001545906066895
Wine,178,13,3,kmeans,rulensga2,0.8861912735152172,0.8155555555555555,0.08668846751791548,5.0,4.2,2.1426695346832276
Wine,178,13,3,kmeans,ruleplcs,0.9944055944055943,0.8712698412698412,0.05662329939847607,4.4,16.2,3.302092456817627
Wine,178,13,3,gmm,cart,1.0,0.8934920634920636,0.044184044414258945,9.4,34.2,0.0006058216094970703
Wine,178,13,3,gmm,rulegp,0.9816901408450704,0.9377777777777776,0.05176063675476527,7.0,6.0,3.3824180126190186
Wine,178,13,3,gmm,rulensga2,0.8861912735152172,0.8155555555555555,0.08668846751791548,5.0,4.2,2.1635157585144045
Wine,178,13,3,gmm,ruleplcs,0.9944055944055943,0.8712698412698412,0.05662329939847607,4.4,16.2,3.1359264850616455
Seeds,210,7,3,kmeans,cart,1.0,0.9523809523809523,0.026082026547865043,10.2,40.0,0.0006715774536132813
Seeds,210,7,3,kmeans,rulegp,0.9476190476190476,0.9,0.03809523809523807,5.2,4.8,3.4807912349700927
Seeds,210,7,3,kmeans,rulensga2,0.8666666666666668,0.8714285714285713,0.04416008807378907,3.6,3.0,1.923146390914917
Seeds,210,7,3,kmeans,ruleplcs,0.9369047619047619,0.8857142857142858,0.07589227357385345,5.0,12.2,2.871870756149292
Seeds,210,7,3,gmm,cart,1.0,0.9761904761904763,0.01505846504842087,6.2,19.2,0.00047616958618164064
Seeds,210,7,3,gmm,rulegp,0.9595238095238094,0.9523809523809523,0.02129588549999797,4.0,3.2,2.8837894439697265
Seeds,210,7,3,gmm,rulensga2,0.9154761904761906,0.8952380952380953,0.024281045302822813,3.8,2.8,2.0828537940979004
Seeds,210,7,3,gmm,ruleplcs,0.9023809523809524,0.9095238095238095,0.0628138378965377,5.0,11.4,2.905393695831299
Breast Cancer,569,30,2,kmeans,cart,1.0,0.9543393882937432,0.016956732414636782,15.0,62.6,0.0029488563537597655
Breast Cancer,569,30,2,kmeans,rulegp,0.9833044148833622,0.9490451793199813,0.01786149726469266,6.8,6.2,7.997766160964966
Breast Cancer,569,30,2,kmeans,rulensga2,0.9442076344707923,0.9455208818506444,0.023135627427286615,4.0,3.6,2.944827079772949
Breast Cancer,569,30,2,kmeans,ruleplcs,1.0,0.9419965843813072,0.013159431171771242,6.2,27.4,6.487548971176148
Breast Cancer,569,30,2,gmm,cart,1.0,0.9507529886663562,0.022720426958302644,13.8,58.2,0.0038417816162109376
Breast Cancer,569,30,2,gmm,rulegp,0.9600125313283208,0.9296693060083838,0.020141178949582363,3.2,2.8,3.5513967990875246
Breast Cancer,569,30,2,gmm,rulensga2,0.9358502024291498,0.9401800962583449,0.02530980098862921,3.4,2.6,2.7014339447021483
Breast Cancer,569,30,2,gmm,ruleplcs,1.0,0.9559695699425553,0.029139638565819935,7.2,29.8,7.505898809432983
Synthetic 2D (4 Clusters),300,2,4,kmeans,cart,1.0,0.9966666666666667,0.006666666666666687,4.0,8.0,0.0007684230804443359
Synthetic 2D (4 Clusters),300,2,4,kmeans,rulegp,0.9991666666666668,0.9966666666666667,0.006666666666666687,4.8,3.8,1.4216217994689941
Synthetic 2D (4 Clusters),300,2,4,kmeans,rulensga2,0.9875,0.9833333333333334,0.02108185106778921,4.6,3.6,1.8416272163391114
Synthetic 2D (4 Clusters),300,2,4,kmeans,ruleplcs,0.9574999999999999,0.9333333333333333,0.08498365855987973,4.0,5.4,2.054606056213379
Synthetic 2D (4 Clusters),300,2,4,gmm,cart,1.0,0.9966666666666667,0.006666666666666687,4.0,8.0,0.0004017353057861328
Synthetic 2D (4 Clusters),300,2,4,gmm,rulegp,0.9991666666666668,0.9966666666666667,0.006666666666666687,4.8,3.8,1.483392095565796
Synthetic 2D (4 Clusters),300,2,4,gmm,rulensga2,0.9875,0.9833333333333334,0.02108185106778921,4.6,3.6,1.8969485759735107
Synthetic 2D (4 Clusters),300,2,4,gmm,ruleplcs,0.9574999999999999,0.9333333333333333,0.08498365855987973,4.0,5.4,2.172425556182861
Anisotropic 2D (3 Clusters),300,2,3,kmeans,cart,1.0,1.0,0.0,3.0,5.0,0.00039224624633789064
Anisotropic 2D (3 Clusters),300,2,3,kmeans,rulegp,0.9674999999999999,0.96,0.034318767136623324,3.0,2.0,1.6793645381927491
Anisotropic 2D (3 Clusters),300,2,3,kmeans,rulensga2,0.9691666666666666,0.9633333333333333,0.028674417556808766,3.2,2.2,1.7933870315551759
Anisotropic 2D (3 Clusters),300,2,3,kmeans,ruleplcs,1.0,0.9933333333333334,0.008164965809277286,3.0,3.4,1.6219114780426025
Anisotropic 2D (3 Clusters),300,2,3,gmm,cart,1.0,1.0,0.0,3.0,5.0,0.0003815174102783203
Anisotropic 2D (3 Clusters),300,2,3,gmm,rulegp,0.9674999999999999,0.96,0.034318767136623324,3.0,2.0,1.711055326461792
Anisotropic 2D (3 Clusters),300,2,3,gmm,rulensga2,0.9691666666666666,0.9633333333333333,0.028674417556808766,3.2,2.2,1.8322505474090576
Anisotropic 2D (3 Clusters),300,2,3,gmm,ruleplcs,1.0,0.9933333333333334,0.008164965809277286,3.0,3.4,1.6208171844482422
