dataset,repeat,model,accuracy,f1_macro,n_rules,n_atoms,fit_seconds,status,note
sklearn_iris,0,biohel,nan,nan,nan,nan,65.01113716699183,timeout,timeout=60s
sklearn_iris,0,rulelcs_default,0.9111111111111111,0.907051282051282,3.0,3.0,0.18592308298684657,ok,
sklearn_iris,0,rulelcs_strong,0.8888888888888888,0.8872126436781609,2.0,3.0,0.11959137499798089,ok,
sklearn_wine,0,biohel,nan,nan,nan,nan,65.00637695903424,timeout,timeout=60s
sklearn_wine,0,rulelcs_default,0.7407407407407407,0.7481481481481481,3.0,3.0,0.24277904105838388,ok,
sklearn_wine,0,rulelcs_strong,0.7592592592592593,0.7664714281551418,3.0,3.0,0.17746420798357576,ok,
sklearn_breast_cancer,0,biohel,nan,nan,nan,nan,65.00833941600285,timeout,timeout=60s
sklearn_breast_cancer,0,rulelcs_default,0.9005847953216374,0.8886420226010343,1.0,2.0,0.26700391701888293,ok,
sklearn_breast_cancer,0,rulelcs_strong,0.3742690058479532,0.2723404255319149,1.0,3.0,0.3029603749746457,ok,
