FK;SNP_A-2148128;SNP_A-1983367;SNP_A-2099320;SNP_A-1980914;SNP_A-2083414;SNP_A-2060930;SNP_A-1850036;SNP_A-4237285;SNP_A-1879810;SNP_A-2184931;SNP_A-2198566;SNP_A-2025295;SNP_A-1916894;SNP_A-2184086;SNP_A-1826840;SNP_A-1873562;SNP_A-1859256;SNP_A-2195831;SNP_A-2006430;SNP_A-2244599;SNP_A-4221635;SNP_A-2055063;SNP_A-1954180;SNP_A-2194687;SNP_A-4218934;SNP_A-2221991;SNP_A-1980926;SNP_A-4194043;SNP_A-1992777;SNP_A-2080643;SNP_A-1845137;SNP_A-1966487;SNP_A-2151823;SNP_A-1780607;SNP_A-1920316;SNP_A-2293960;SNP_A-2051204;SNP_A-1942189;SNP_A-2164471;SNP_A-1920194;SNP_A-1825116;SNP_A-2121757;SNP_A-2044665;SNP_A-2189001;SNP_A-4214209;SNP_A-1960095;SNP_A-1904054;SNP_A-1870744;SNP_A-2149733;SNP_A-2136266;SNP_A-1962743;SNP_A-1909800;SNP_A-2094638;SNP_A-4219654;SNP_A-2224051;SNP_A-1955180;SNP_A-1826313;SNP_A-2011804;SNP_A-1966381;SNP_A-1960456;SNP_A-2161271;SNP_A-2179735;SNP_A-2145207;SNP_A-1780485;SNP_A-4197245;SNP_A-4194405;SNP_A-2186404;SNP_A-2138543;SNP_A-2081978;SNP_A-2226728;SNP_A-1815026;SNP_A-2182060;SNP_A-2026360;SNP_A-1822968;SNP_A-2000457;SNP_A-2298581;SNP_A-1971171;SNP_A-2285159;SNP_A-2085078;SNP_A-1924539;SNP_A-1891224;SNP_A-2135150;SNP_A-4225995;SNP_A-2115623;SNP_A-2093589;SNP_A-2038212;SNP_A-2030099;SNP_A-1960970;SNP_A-1817915;SNP_A-2132375;SNP_A-4237926;SNP_A-2246372;SNP_A-1851200;SNP_A-1824270;SNP_A-1804304;SNP_A-1789800;SNP_A-1787880;SNP_A-1859383;SNP_A-2228345;SNP_A-1869453;SNP_A-1856356;SNP_A-1819600;SNP_A-4239390;SNP_A-2259020;SNP_A-2014329;SNP_A-2119776;SNP_A-1990491;SNP_A-2146083;SNP_A-2216516;SNP_A-2116660;SNP_A-2280067;SNP_A-1946911;SNP_A-1983282;SNP_A-2170880;SNP_A-1894087;SNP_A-1836162;SNP_A-4210338;SNP_A-2290632;SNP_A-2060339;SNP_A-2047483;SNP_A-4199890;SNP_A-2242869;SNP_A-1877261;SNP_A-2024476;SNP_A-2137768;SNP_A-1933746;SNP_A-2248308;SNP_A-2122662;SNP_A-2201405;SNP_A-4232617;SNP_A-4205426;SNP_A-1839989;SNP_A-2216223;SNP_A-4213923;SNP_A-2078310;SNP_A-1801110;SNP_A-4226266;SNP_A-4225501;SNP_A-2124879;SNP_A-1953624;SNP_A-1837358;SNP_A-2239776;SNP_A-2236067;SNP_A-1902145;SNP_A-2234758;SNP_A-2113207;SNP_A-1955111;SNP_A-1967516;SNP_A-4201867;SNP_A-2143941;SNP_A-1996219;SNP_A-1996218;SNP_A-1843340;SNP_A-2024020;SNP_A-1792469;SNP_A-2066212;SNP_A-1854391
0;2;3;2;2;2;2;1;1;2;3;3;3;3;2;2;1;3;2;3;3;2;3;1;3;3;2;2;3;3;1;1;1;3;3;1;3;1;2;1;1;3;1;1;3;3;1;1;2;3;1;2;1;3;2;2;2;1;1;1;3;3;1;3;3;2;1;3;1;3;3;3;1;3;3;2;1;1;2;3;3;1;1;3;1;1;3;3;1;3;1;1;3;1;3;1;2;1;2;1;1;1;2;3;2;2;2;3;2;2;2;1;2;2;1;2;2;1;3;2;1;2;1;1;3;1;1;1;2;2;3;1;1;3;1;1;1;1;1;3;2;3;1;2;2;1;2;1;2;2;3;3;1;3;3;1;2;3
0;2;3;2;2;2;2;1;1;2;3;2;2;2;3;3;1;3;2;1;3;2;3;1;3;3;2;2;2;2;3;1;3;2;2;1;2;1;2;2;2;2;2;1;1;2;2;2;1;3;1;2;1;2;2;2;2;2;2;1;3;2;2;2;3;2;1;3;1;2;3;3;3;2;2;2;2;2;1;2;2;2;2;2;2;2;2;2;2;2;2;1;3;1;3;1;3;1;2;1;1;2;2;3;3;3;2;3;2;2;3;2;1;2;1;1;3;2;2;2;1;1;1;3;1;1;1;1;2;3;2;2;2;3;1;2;2;2;2;2;1;3;2;2;1;1;2;1;1;1;3;3;1;3;3;1;2;3
0;2;3;1;1;2;1;2;1;2;3;2;2;2;3;3;1;3;2;3;2;1;3;1;3;3;3;1;3;3;1;1;2;2;2;1;1;2;2;3;3;1;2;1;1;1;3;3;3;3;1;1;1;2;2;2;3;3;3;1;3;1;1;2;3;1;1;1;1;2;2;3;3;3;3;2;2;3;1;2;2;2;2;1;3;3;1;1;3;2;1;1;3;1;3;1;2;1;2;1;1;2;3;2;2;1;3;3;3;2;2;3;2;2;1;1;3;3;1;1;1;2;2;1;1;1;1;1;2;3;1;3;3;3;2;2;2;1;2;3;3;1;1;1;2;1;2;2;2;2;3;3;1;3;3;1;2;3
0;2;3;1;1;1;1;1;2;1;2;2;2;2;3;1;1;2;3;1;1;1;3;1;3;3;1;3;3;3;1;1;3;1;1;1;1;2;3;3;3;1;2;1;2;1;3;3;1;3;1;1;1;2;2;3;3;2;2;1;3;2;1;2;1;2;2;3;2;2;3;3;3;3;3;3;2;3;2;3;3;1;1;2;2;2;2;2;2;3;1;2;2;2;2;2;3;2;1;2;2;2;1;2;2;3;3;3;3;1;2;2;2;2;2;1;3;3;1;2;1;2;1;1;2;1;1;2;3;2;2;2;2;2;1;1;1;2;1;2;1;2;1;3;2;2;2;2;2;3;2;2;2;2;3;2;2;3
0;2;2;1;1;2;1;1;1;2;3;2;2;2;3;2;1;3;2;2;1;1;3;2;3;3;3;1;3;3;2;2;2;2;2;1;2;1;3;3;3;1;3;1;1;1;3;3;2;2;2;1;2;1;2;3;3;2;3;2;2;1;1;1;3;2;1;3;1;3;3;3;2;3;3;2;1;3;1;3;3;1;1;1;3;3;1;1;3;3;2;1;3;1;3;1;2;1;2;2;2;1;3;3;1;2;3;2;2;2;2;3;2;2;1;1;3;3;1;3;2;1;2;2;1;1;1;2;2;2;1;3;3;3;3;3;3;1;1;3;1;2;1;1;2;2;1;2;2;1;3;3;1;3;3;2;2;3
0;2;3;2;2;2;2;1;1;2;3;3;3;3;3;2;1;2;2;1;3;2;2;1;3;3;3;1;3;3;1;1;2;2;2;1;2;1;3;3;3;1;3;1;2;2;2;2;1;3;1;1;1;2;2;1;2;2;2;1;3;2;2;2;3;2;1;3;3;2;3;2;2;3;3;1;2;3;1;3;3;1;1;2;2;2;2;2;2;2;2;1;3;1;3;1;3;1;3;2;2;2;3;2;3;3;3;3;2;1;2;2;2;3;2;2;2;2;2;1;2;2;1;1;2;1;1;3;1;3;2;2;2;3;1;2;2;1;1;3;1;3;2;1;3;3;2;3;3;2;2;2;2;3;3;1;1;3
0;2;1;1;1;2;1;1;1;2;3;2;2;2;3;3;1;3;2;2;2;1;3;1;3;3;3;1;2;2;2;1;2;3;3;2;1;1;3;1;1;3;2;1;3;2;2;2;1;2;2;2;1;2;3;2;1;2;3;1;3;1;2;3;3;1;1;3;1;3;2;3;3;2;2;2;2;1;2;2;2;2;2;1;3;3;1;1;3;2;1;1;3;1;3;1;3;1;2;1;1;2;3;2;3;2;3;3;2;1;2;3;1;1;3;2;2;3;1;1;1;2;1;3;2;1;1;2;2;3;1;3;3;2;2;2;2;1;1;3;1;2;1;1;3;2;1;2;3;2;1;1;3;3;3;1;3;3
0;2;3;1;1;2;1;1;1;2;3;2;2;2;3;2;1;3;2;1;3;1;3;1;3;1;2;2;1;1;1;1;2;3;3;1;2;1;2;3;3;1;2;1;2;3;1;1;1;3;1;1;1;1;3;3;3;2;2;1;3;2;1;1;3;1;2;3;3;2;3;2;3;3;3;3;3;3;2;3;3;1;1;2;2;2;2;2;2;3;1;2;2;2;2;2;3;2;2;2;2;2;2;2;2;2;3;3;2;2;2;2;2;2;3;1;3;2;2;2;1;3;2;2;2;1;1;2;3;2;2;2;2;3;1;2;2;1;2;3;2;1;1;2;2;2;1;2;2;3;1;1;3;2;2;2;2;3
0;1;3;1;1;2;1;1;2;2;3;1;1;1;3;2;1;3;2;2;3;1;2;1;2;3;2;2;1;1;1;1;2;2;2;1;1;1;3;2;2;2;2;1;2;2;2;2;2;3;1;1;1;1;3;3;1;3;2;1;3;2;1;2;3;1;1;3;1;3;3;2;3;3;3;3;2;2;2;2;2;2;2;2;2;2;2;2;2;2;1;2;2;2;2;2;3;2;1;2;2;2;2;2;2;1;3;3;2;1;1;2;1;3;2;1;3;3;1;2;2;2;1;2;2;2;2;2;3;2;2;2;2;3;1;2;2;2;2;3;1;2;2;2;2;2;1;1;3;3;1;1;3;2;3;2;1;3
0;2;3;1;1;2;1;2;1;2;3;1;1;1;3;3;1;3;2;1;2;1;3;1;3;3;3;1;2;2;2;1;3;2;2;3;2;1;2;2;2;2;2;1;2;2;2;2;1;3;1;1;1;2;2;2;3;3;2;1;3;2;1;1;3;1;1;3;1;3;3;3;3;1;1;3;2;2;2;3;3;1;3;2;2;2;2;2;2;1;2;2;2;2;2;2;2;2;2;2;2;3;3;3;3;3;3;2;3;2;2;2;3;2;1;1;3;3;1;2;1;1;3;1;2;1;1;2;3;3;2;2;2;3;2;2;2;1;2;3;1;1;1;1;2;2;2;1;3;2;3;3;1;2;2;2;2;3
0;2;2;1;1;2;1;1;1;2;3;1;1;1;3;2;1;3;2;1;2;1;3;1;3;3;1;3;2;2;2;1;3;3;3;1;2;1;3;2;2;2;3;1;3;3;1;1;2;2;2;1;1;2;2;3;1;2;3;1;3;1;1;2;3;1;1;3;1;2;3;3;3;2;2;3;2;2;1;3;3;1;1;1;3;3;1;1;3;3;1;2;2;2;2;2;3;2;1;2;2;1;1;1;2;2;2;2;2;1;2;3;2;3;2;1;3;3;1;1;2;2;2;1;3;1;1;2;3;3;1;3;3;3;2;1;1;1;1;3;1;2;1;3;2;2;1;3;3;3;2;2;2;2;2;1;1;3
0;1;2;2;2;2;1;1;1;2;2;2;2;2;3;2;1;3;2;2;3;1;3;1;3;3;2;2;3;3;2;1;3;2;2;1;2;1;2;3;3;1;2;1;1;3;1;1;1;2;2;1;2;1;3;3;2;2;3;2;2;1;2;1;2;1;1;2;1;2;3;3;2;3;3;3;3;3;1;2;2;2;1;1;3;3;1;1;3;2;1;1;3;1;3;1;2;1;2;2;2;2;2;2;3;2;3;3;2;2;2;3;2;3;1;3;1;2;2;3;2;3;1;2;1;1;1;2;3;3;1;3;3;3;2;1;1;3;2;3;1;2;1;2;2;2;2;2;2;1;3;3;1;3;2;3;1;2
0;1;3;2;2;1;2;1;1;1;2;2;2;2;2;2;1;3;3;2;3;2;3;2;3;3;2;2;3;3;2;1;2;2;2;2;1;1;3;3;3;1;3;1;1;2;2;2;2;3;1;1;2;1;2;3;3;2;2;2;2;2;1;2;3;2;1;3;1;3;3;3;3;3;3;3;2;3;1;3;3;1;1;2;2;2;2;2;2;2;2;1;3;1;3;1;3;1;2;1;1;1;3;2;2;2;3;2;2;1;2;2;2;2;1;3;1;3;1;2;1;1;2;1;1;1;1;3;3;1;2;2;2;3;2;2;2;1;1;3;2;2;1;2;2;3;2;1;2;2;3;3;1;3;3;3;2;3
0;2;3;1;1;3;2;1;1;3;3;1;1;1;3;3;1;3;1;2;3;2;3;1;3;3;2;2;3;3;3;1;3;1;1;3;2;1;2;2;2;2;3;1;3;2;2;2;2;3;1;1;2;2;2;1;2;2;3;2;2;1;1;3;3;2;1;2;1;3;3;3;3;3;3;1;1;2;1;3;3;1;2;1;3;3;1;1;3;3;1;1;3;1;3;1;3;1;2;2;2;2;2;2;3;2;3;2;2;2;2;3;2;2;2;1;3;2;2;2;1;1;1;3;3;1;1;2;2;2;1;3;3;3;1;2;2;3;3;3;1;2;3;2;1;2;1;2;2;1;2;2;2;3;2;2;2;3
0;1;2;2;2;3;3;1;1;3;3;2;2;2;3;3;1;3;1;1;2;3;3;1;3;3;3;1;2;2;1;1;2;1;1;1;1;1;2;2;2;2;3;1;2;3;1;1;1;2;2;1;1;3;2;3;2;2;2;1;3;2;3;1;3;2;1;3;1;1;3;2;3;1;1;3;2;2;2;2;2;2;1;2;2;2;2;2;2;2;2;1;3;1;3;1;3;1;2;2;2;1;3;1;3;2;3;3;3;2;2;2;1;2;2;2;2;3;1;2;2;2;1;2;2;1;1;1;3;2;2;2;2;3;2;1;1;2;1;3;1;3;2;1;2;1;2;1;2;2;2;2;2;3;3;2;2;3
0;2;2;1;1;2;2;1;1;2;3;2;2;2;3;2;1;3;2;2;3;2;3;1;2;3;3;1;3;3;2;1;2;2;2;2;3;3;2;3;3;1;3;1;2;3;1;1;1;2;2;1;1;2;3;3;2;2;2;1;3;2;2;2;3;2;1;3;1;1;2;3;2;2;2;3;1;3;1;2;2;2;2;2;2;2;2;2;2;3;1;1;3;1;3;1;3;1;2;2;2;2;3;2;3;1;2;2;3;3;3;2;2;3;1;3;1;1;3;2;1;1;2;1;2;1;1;2;3;3;2;2;2;3;1;1;1;2;1;3;1;3;1;1;1;2;1;2;2;3;3;3;1;3;2;1;1;3
0;2;2;2;2;3;2;1;1;3;3;1;1;1;3;2;1;3;1;2;2;2;3;1;3;3;2;2;3;3;3;1;2;1;1;1;2;1;3;3;3;1;2;1;3;2;2;2;2;2;2;1;1;2;2;2;1;2;3;1;3;1;1;1;3;1;1;3;3;3;2;3;3;3;3;2;2;3;3;3;3;1;1;1;3;3;1;1;3;2;1;1;3;1;3;1;3;1;2;3;3;1;3;3;3;1;3;3;1;1;1;3;2;3;2;2;2;2;2;3;2;2;2;2;3;1;1;2;2;3;1;3;3;3;1;1;1;1;2;3;1;2;1;2;2;2;2;1;2;2;3;3;1;3;3;1;1;2
0;1;3;1;1;2;1;1;1;2;3;1;1;1;3;3;1;3;2;1;3;2;3;1;3;3;2;2;2;2;1;1;3;2;2;2;2;2;3;3;3;1;2;1;1;3;1;1;2;3;1;1;1;2;3;3;2;2;2;1;3;2;1;3;3;1;1;3;2;3;3;3;3;3;3;2;2;2;1;2;2;2;2;2;2;2;2;2;2;2;2;1;3;1;3;1;3;1;1;2;2;2;2;3;1;2;3;3;2;1;2;2;2;2;1;2;2;3;1;1;1;3;2;2;1;1;1;2;2;1;2;2;2;3;1;2;2;3;1;2;1;2;1;2;3;2;2;2;2;2;3;3;1;3;3;1;2;2
0;2;3;1;1;2;1;3;1;2;3;3;3;3;3;2;1;3;2;1;3;1;3;1;3;3;2;2;1;1;3;1;2;2;2;2;1;1;2;2;2;2;2;1;3;3;1;1;1;3;1;2;1;1;2;3;2;2;2;1;3;2;1;3;3;1;1;2;1;2;2;2;3;3;3;2;2;2;2;3;3;1;1;2;2;2;2;2;2;2;1;3;1;3;1;3;3;3;1;1;1;2;2;3;2;3;3;3;2;2;1;2;2;2;1;1;3;2;2;1;2;1;1;1;3;1;1;3;2;2;2;2;2;2;2;2;2;2;2;3;1;3;2;2;2;3;1;2;2;2;3;3;1;1;3;2;2;3
0;2;3;1;1;2;1;1;1;2;2;2;2;2;3;3;1;3;2;3;3;1;3;2;3;3;3;1;3;3;1;2;3;2;2;1;2;1;2;3;3;1;2;1;3;3;1;1;1;3;1;1;2;1;2;3;3;2;2;2;2;2;1;1;2;2;1;3;1;3;3;3;3;3;3;3;2;3;2;3;3;1;2;2;2;2;2;2;2;2;1;1;3;1;3;1;3;1;2;2;2;1;3;1;3;2;2;3;2;2;1;2;1;2;2;2;2;3;1;3;1;2;1;2;3;1;1;1;2;3;2;2;2;3;1;2;2;2;1;3;1;3;2;1;2;1;2;3;2;2;2;2;2;3;3;1;2;2
0;1;2;1;1;2;2;2;3;2;2;1;1;1;3;2;1;3;2;2;3;2;3;1;3;3;2;2;3;3;1;1;2;1;1;1;2;1;2;3;3;1;2;1;1;3;1;1;1;2;2;1;1;2;3;3;2;2;3;1;3;1;1;2;3;2;1;3;1;2;3;3;3;3;3;2;3;3;2;2;2;2;2;2;2;2;2;2;2;2;1;1;3;1;3;1;3;1;3;2;2;1;3;3;3;1;3;3;2;2;2;3;3;2;2;1;3;3;1;2;1;2;2;1;1;1;1;2;2;2;2;2;2;3;2;3;3;2;3;3;2;2;2;1;2;3;2;2;1;3;2;2;2;3;3;1;2;1
0;1;3;2;2;1;1;1;1;1;3;1;1;1;3;3;1;3;3;2;3;2;3;1;2;3;2;2;3;3;3;1;3;2;2;2;2;1;2;3;3;1;2;1;3;2;2;2;1;3;1;2;1;2;2;3;3;2;2;1;3;2;1;2;3;2;2;3;1;2;3;3;3;3;3;3;2;3;1;1;1;3;1;2;2;2;2;2;2;2;1;1;3;1;3;1;3;1;2;2;2;2;2;2;2;2;3;3;3;2;1;2;2;2;2;2;2;3;1;1;2;1;1;2;3;1;1;1;3;2;2;2;2;3;1;1;1;1;2;3;1;1;1;2;3;1;2;1;3;1;2;2;2;3;3;2;2;3
0;2;3;1;1;3;1;1;1;2;3;1;1;1;3;2;1;2;1;1;2;1;3;1;3;3;2;2;2;2;1;1;2;2;2;1;2;1;3;3;3;1;3;1;2;2;2;2;1;3;1;1;1;2;2;3;1;2;3;1;3;1;1;2;3;1;1;3;1;3;2;3;3;3;3;3;3;3;1;2;2;2;2;2;2;2;2;2;2;3;2;1;3;1;3;1;3;1;3;2;2;2;2;3;2;2;3;2;3;1;2;3;2;2;2;2;2;2;2;1;1;3;2;1;2;2;2;2;3;3;2;2;2;3;2;1;1;2;1;3;1;2;2;2;1;2;3;1;2;2;1;1;3;3;3;2;2;2
0;2;3;1;1;1;1;1;1;1;3;2;2;2;3;3;1;3;3;2;3;1;2;1;3;3;1;3;2;2;2;1;2;2;2;2;2;1;3;3;3;1;3;1;1;3;1;1;1;3;1;1;1;2;2;2;2;2;2;1;3;2;1;1;1;2;1;3;1;3;2;3;3;3;3;2;1;3;1;2;2;2;2;2;2;2;2;2;2;2;1;1;3;1;3;1;3;1;3;2;2;2;1;2;1;2;1;3;3;1;2;2;1;2;1;2;2;3;1;2;1;1;1;2;1;3;3;2;2;2;2;2;2;3;1;2;2;2;2;3;2;3;2;3;1;2;2;2;3;3;3;3;1;3;3;1;2;2
0;1;2;1;1;2;2;1;1;2;2;1;1;1;3;3;1;3;2;2;3;2;2;1;3;2;3;1;3;3;2;1;1;2;2;2;2;1;3;3;3;1;2;1;3;2;2;2;2;2;2;1;1;3;3;2;1;3;3;1;3;1;2;2;3;2;1;2;1;2;3;3;3;3;3;2;2;3;3;1;1;3;1;1;3;3;1;1;3;2;1;1;3;1;3;1;3;1;1;2;2;2;3;1;2;1;3;3;2;1;1;3;3;2;2;2;2;3;1;2;2;1;2;2;3;1;1;3;2;2;1;3;3;3;3;2;2;1;3;3;1;2;1;1;1;3;2;2;1;3;2;2;2;3;3;1;2;2
0;2;3;1;1;3;1;1;1;3;2;1;1;1;3;3;1;3;1;3;3;1;3;1;3;2;3;1;2;2;3;1;2;3;3;2;3;1;2;2;2;2;3;1;1;3;1;1;1;3;1;2;1;2;2;2;3;3;2;1;3;2;2;1;3;2;1;3;2;3;3;3;3;3;3;3;3;2;1;3;3;1;1;2;2;2;2;2;2;1;2;2;2;2;2;2;3;2;2;1;1;2;2;2;2;3;3;2;2;2;3;2;1;2;1;2;2;1;3;2;1;2;2;1;1;1;1;2;3;1;2;2;2;3;2;2;2;2;3;3;1;1;1;1;2;2;1;3;2;3;3;3;1;2;3;2;2;2
0;2;3;1;1;1;1;1;2;1;3;2;2;2;3;3;1;3;3;1;2;1;3;1;3;3;2;2;2;2;1;1;2;2;2;2;3;1;3;3;3;1;2;1;2;3;1;1;1;3;1;1;1;2;2;2;3;1;3;1;3;1;1;1;2;1;1;3;1;2;3;3;2;3;3;1;2;3;1;2;2;2;2;1;3;3;1;1;3;3;1;1;3;1;3;1;2;1;2;2;2;3;2;2;1;1;3;2;2;1;2;3;2;2;1;1;3;3;1;3;1;2;1;2;2;2;2;2;1;3;1;3;3;3;1;1;1;2;1;3;1;2;1;2;2;2;2;2;2;2;3;3;1;3;2;1;1;3
0;2;2;1;1;2;1;1;1;2;3;1;1;1;3;3;1;2;2;1;3;1;3;1;3;3;3;1;3;3;2;1;2;1;1;1;2;2;2;3;3;1;1;1;3;3;1;1;1;2;2;2;1;3;2;2;3;3;3;1;3;1;1;1;2;2;1;1;1;3;3;3;3;1;1;2;1;3;1;2;2;2;2;1;3;3;1;1;3;3;1;1;3;1;3;1;3;1;3;2;2;1;3;1;2;3;3;3;3;2;2;3;2;2;1;2;2;3;1;2;1;2;2;2;3;2;2;3;1;2;1;3;3;3;2;1;1;1;1;3;1;2;2;1;1;3;2;3;2;1;3;3;1;3;3;1;2;3
0;3;2;2;2;2;1;1;2;2;2;1;1;1;3;2;1;2;2;2;2;1;3;2;3;2;2;2;3;3;1;2;2;3;3;2;1;1;2;2;2;2;3;1;3;3;1;1;1;3;1;1;2;1;2;3;3;2;3;2;2;1;2;3;2;2;1;3;1;3;3;3;3;3;3;3;1;2;1;2;2;2;2;1;3;3;1;1;3;2;1;1;3;1;3;1;3;1;3;1;1;1;2;3;3;2;3;3;1;2;1;3;2;2;3;2;2;2;2;1;1;2;2;2;3;1;1;2;3;2;1;3;3;3;2;3;3;1;1;3;1;2;2;2;2;2;3;2;1;3;1;1;3;3;3;2;2;2
0;2;2;2;2;3;1;2;1;3;2;1;1;1;3;3;1;3;1;2;3;1;3;1;3;3;2;2;2;2;1;1;3;1;1;2;3;1;2;2;2;2;2;1;3;2;2;2;1;2;2;1;1;1;2;3;2;2;3;1;3;1;1;2;3;1;1;3;1;3;2;3;3;2;2;3;1;2;1;1;1;3;1;1;3;3;1;1;3;2;2;1;3;1;3;1;1;1;2;1;1;1;2;3;3;2;3;2;3;2;3;3;2;2;1;1;3;3;1;2;1;1;1;2;3;1;1;2;3;3;1;3;3;3;2;1;1;1;1;3;2;3;1;2;2;2;2;2;2;3;3;3;1;3;3;3;2;3
0;2;3;1;1;2;1;1;1;2;3;2;2;2;3;2;1;3;2;1;3;1;3;1;3;3;2;2;2;2;2;1;2;2;2;2;2;1;3;2;2;2;3;1;3;3;1;1;1;3;1;1;1;1;3;2;1;2;3;1;3;1;3;1;3;3;1;3;1;2;3;3;3;3;3;2;2;2;2;3;3;1;2;1;3;3;1;1;3;2;2;1;3;1;3;1;3;1;2;2;2;2;3;2;3;1;3;3;2;1;1;3;2;3;1;1;3;3;1;2;2;1;1;3;3;1;1;3;2;3;1;3;3;3;1;2;2;1;3;3;2;2;2;2;3;3;1;1;2;1;3;3;1;3;3;1;1;3
0;2;3;1;1;1;2;1;1;1;3;1;1;1;3;2;1;3;3;1;3;2;3;1;2;3;2;2;1;1;1;1;2;2;2;2;2;1;3;3;3;1;2;1;1;3;1;1;2;3;1;1;1;2;3;3;3;1;2;1;3;2;1;2;3;2;1;3;2;3;3;2;3;3;3;3;3;3;1;1;1;3;1;2;2;2;2;2;2;3;2;1;3;1;3;1;2;1;1;2;2;2;2;3;2;2;3;3;2;1;1;2;2;3;1;2;2;3;1;1;2;1;2;3;1;2;2;1;3;2;2;2;2;2;2;1;1;2;3;3;1;2;1;2;3;1;2;1;2;3;3;3;1;3;2;3;1;3
0;2;3;1;1;3;1;1;1;3;3;1;1;1;3;1;1;3;1;1;2;1;3;1;3;3;3;1;2;2;2;1;2;1;1;2;1;1;3;3;3;1;2;1;3;3;1;1;1;3;1;1;1;2;3;2;2;2;3;1;3;1;2;1;3;2;1;3;2;1;3;3;3;3;3;2;2;3;1;2;2;2;1;1;3;3;1;1;3;2;2;2;2;2;2;2;3;2;1;3;3;2;3;1;1;1;3;3;3;1;2;3;2;2;2;2;2;2;2;1;1;2;2;2;3;2;2;2;2;2;1;3;3;3;2;2;2;2;3;3;1;1;1;1;2;2;1;1;3;2;2;2;2;2;3;1;2;2
0;2;3;1;1;3;1;2;1;3;3;2;2;2;3;2;1;3;1;3;3;1;3;1;3;3;3;1;3;3;2;1;2;2;2;3;2;1;3;2;2;2;2;1;3;2;2;2;1;3;1;1;1;1;2;2;3;2;2;1;3;2;1;1;3;2;1;3;1;3;3;3;3;3;3;2;2;2;1;2;2;2;2;2;2;2;2;2;2;2;2;2;2;2;2;2;2;2;3;2;2;2;3;3;3;1;3;2;3;1;2;2;1;2;1;1;3;3;1;2;2;1;1;2;3;1;1;2;2;3;2;2;2;1;2;1;1;1;3;3;1;3;2;1;3;2;3;2;2;1;3;3;1;2;3;2;2;3
0;1;2;2;2;2;2;1;2;2;3;2;2;2;2;1;1;3;2;3;2;2;3;1;3;3;2;2;3;3;2;1;3;2;2;1;3;1;2;2;2;2;2;1;3;3;1;1;1;2;2;1;1;2;3;3;2;2;3;1;3;1;1;1;3;1;1;2;1;3;3;3;3;3;3;3;2;2;1;2;2;2;1;1;3;3;1;1;3;2;2;2;2;2;2;2;3;2;2;2;2;1;2;2;2;1;3;3;3;2;1;3;2;2;2;1;3;2;2;3;1;2;2;2;3;1;1;3;3;2;1;3;3;2;2;1;1;2;1;3;1;2;2;2;2;3;2;3;2;2;1;1;3;2;2;1;2;3
0;1;3;2;2;1;1;1;1;1;2;1;1;1;3;3;1;3;3;2;2;1;2;1;3;3;2;2;3;3;1;1;3;2;2;2;3;1;3;1;1;3;3;1;3;3;1;1;1;3;1;1;1;1;3;2;2;1;2;1;3;2;1;2;3;3;1;2;1;1;3;3;1;3;3;2;1;1;1;2;2;2;2;2;2;2;2;2;2;2;2;2;2;2;2;2;2;2;2;2;2;1;2;1;1;1;3;2;3;1;2;2;2;3;2;2;2;2;2;2;3;1;1;2;2;1;1;1;1;2;2;2;2;3;1;1;1;1;3;3;1;2;1;2;2;1;1;2;2;2;2;2;2;1;3;3;1;2
0;2;3;1;1;2;1;1;1;2;3;1;1;1;2;2;1;3;2;1;2;1;3;1;3;3;3;1;3;3;1;1;2;2;2;2;1;1;2;1;1;3;3;1;1;2;2;2;1;3;1;1;1;1;2;3;2;2;3;1;3;1;1;1;2;2;1;3;2;1;3;3;3;3;3;2;2;1;1;2;2;2;2;1;3;3;1;1;3;3;1;1;3;1;3;1;3;1;2;2;2;1;3;2;3;1;3;3;2;3;2;3;2;3;2;1;3;1;3;3;1;1;2;2;1;1;1;2;1;2;1;3;3;3;1;2;2;1;1;1;2;3;1;1;1;2;1;1;3;2;2;2;2;3;3;3;1;3
0;1;2;1;1;2;1;1;1;2;3;2;2;2;3;2;1;3;2;2;3;1;2;1;3;3;2;2;2;2;1;1;2;2;2;1;1;2;3;3;3;1;3;1;2;2;2;2;1;2;2;1;1;1;2;2;2;2;3;1;3;1;1;2;2;2;1;2;1;3;3;3;3;3;3;2;2;3;2;3;3;1;1;1;3;3;1;1;3;2;1;1;3;1;3;1;3;1;2;1;1;2;2;2;3;2;3;3;3;1;1;3;2;2;2;2;2;1;3;1;1;2;2;2;2;1;1;2;2;2;1;3;3;3;2;2;2;3;3;3;1;3;1;2;3;2;2;3;2;2;3;3;1;3;3;2;2;3
0;1;2;2;2;2;1;1;1;2;2;1;1;1;3;3;1;3;2;2;3;1;3;1;3;3;2;2;3;3;1;1;2;3;3;1;2;1;3;3;3;1;2;1;3;2;2;2;1;2;2;1;1;3;2;2;3;2;1;1;3;3;1;1;3;2;1;3;1;2;3;3;3;3;3;2;2;3;1;1;1;3;2;3;1;1;3;3;1;2;1;2;2;2;2;2;3;2;2;2;2;2;2;3;1;2;2;3;2;1;2;1;1;2;1;2;2;3;1;1;2;2;1;2;3;1;1;2;2;2;3;1;1;3;1;1;1;2;3;3;2;2;2;2;1;2;2;1;2;2;3;3;1;2;3;1;2;2
0;2;2;1;1;1;1;1;2;1;2;2;2;2;3;3;1;3;3;1;3;1;3;1;3;3;2;2;2;2;2;1;3;1;1;2;1;1;2;2;2;2;3;1;2;3;1;1;1;2;2;1;1;2;2;2;2;3;2;1;3;2;1;2;3;1;1;2;1;2;3;3;3;3;3;2;1;2;1;2;2;2;2;2;2;2;2;2;2;3;1;1;3;1;3;1;3;1;1;2;2;1;2;2;3;1;3;3;2;2;2;2;1;3;2;1;3;3;1;1;2;2;3;2;2;1;1;1;2;2;2;2;2;3;1;3;3;2;3;3;1;2;2;2;2;1;2;2;2;2;2;2;2;3;3;1;1;2
0;1;2;1;1;3;3;2;2;3;3;1;1;1;3;3;1;3;1;2;1;3;3;1;3;3;3;1;2;2;3;1;2;2;2;1;3;1;3;3;3;1;3;1;3;2;2;2;2;2;2;1;1;2;3;3;1;1;2;1;3;1;1;1;2;2;1;3;1;2;3;3;3;3;3;3;2;3;2;2;2;2;3;1;3;3;1;1;3;1;2;1;3;1;3;1;3;1;1;2;2;2;3;2;3;2;3;2;2;2;1;2;1;2;1;1;3;2;2;3;2;1;1;1;3;1;1;2;3;2;1;3;3;2;2;1;1;2;1;3;1;2;1;1;2;2;3;1;2;3;3;3;1;3;2;1;2;3
0;2;2;2;2;1;1;1;1;1;3;1;1;1;3;1;1;3;3;1;3;1;3;1;3;3;2;2;3;3;1;1;2;2;2;1;3;1;3;3;3;1;1;1;1;2;2;2;1;2;2;1;1;1;2;3;2;1;2;1;3;2;2;2;1;2;1;3;1;3;3;3;3;3;3;3;1;3;1;3;3;1;2;2;2;2;2;2;2;2;1;1;3;1;3;1;3;1;1;2;2;2;2;2;3;2;2;2;3;1;1;2;1;3;2;2;2;3;1;2;1;1;1;2;1;1;1;2;3;3;2;2;2;3;1;2;2;2;1;3;2;2;1;2;2;2;3;1;1;2;2;2;2;3;3;2;1;2
0;2;3;1;1;2;1;1;2;2;3;2;2;2;3;2;1;3;2;2;3;1;3;2;3;3;2;2;3;3;1;1;2;2;2;1;3;3;2;2;2;2;3;1;1;2;2;2;1;3;1;1;2;1;2;3;1;2;2;2;2;2;1;1;3;2;1;3;1;2;3;3;3;3;3;3;2;2;2;3;3;1;1;2;2;2;2;2;2;3;2;2;2;2;2;2;2;2;3;1;1;2;2;3;2;2;3;3;3;2;1;2;2;3;2;2;2;3;1;2;1;1;3;2;1;1;1;1;3;2;2;2;2;2;1;1;1;1;1;3;2;1;1;2;2;1;2;1;1;2;2;2;2;2;3;1;1;2
0;2;3;1;1;2;1;1;2;2;2;3;3;3;3;1;1;3;2;2;1;1;3;1;3;3;3;1;2;2;1;1;2;2;2;1;1;1;2;3;3;1;2;1;3;2;2;2;1;3;1;1;1;2;3;2;3;2;1;1;3;3;2;2;3;2;1;2;1;2;3;2;2;3;3;2;2;3;1;2;2;2;2;3;1;1;3;3;1;1;1;1;3;1;3;1;2;1;1;2;2;2;3;2;3;3;3;3;3;2;1;1;3;3;1;1;3;2;2;2;1;2;2;2;3;1;1;2;2;2;3;1;1;3;1;2;2;2;1;3;1;3;1;1;2;2;3;2;2;2;3;3;1;3;1;1;1;2
0;1;2;1;1;2;1;1;1;2;3;2;2;2;3;2;1;3;2;2;2;1;3;1;3;3;3;1;1;1;2;1;3;3;3;2;2;1;2;3;3;1;2;1;2;3;1;1;1;3;1;1;1;1;1;2;1;2;2;1;3;2;1;1;1;2;1;3;1;2;1;3;2;3;3;2;2;3;1;3;3;1;2;1;3;3;1;1;3;2;1;1;3;1;3;1;2;1;2;1;1;1;3;2;2;2;3;2;3;2;2;2;1;2;1;1;3;3;1;3;2;3;2;3;2;1;1;2;2;2;2;2;2;2;2;2;2;1;3;3;1;3;1;1;2;2;1;2;2;2;3;3;1;3;3;1;2;3
1;1;1;3;3;3;2;2;2;3;2;1;1;1;2;3;1;2;1;3;3;2;2;2;2;1;3;1;1;1;2;2;2;3;3;1;1;1;1;2;2;2;3;1;2;3;1;1;2;1;3;1;2;3;3;2;2;3;1;2;2;3;2;2;2;1;2;1;1;3;2;2;3;3;3;2;3;2;2;3;3;1;1;3;1;1;3;3;1;1;3;2;2;2;2;2;2;2;2;1;1;2;3;1;1;2;2;3;3;3;3;1;2;1;1;2;2;2;2;3;2;2;2;3;2;2;2;3;2;3;3;1;1;2;1;2;2;1;1;3;1;3;2;1;2;3;1;3;2;3;3;3;1;2;3;1;3;3
1;1;2;2;2;2;3;3;1;2;2;1;1;1;3;1;2;2;2;2;2;3;2;2;1;2;3;1;2;2;3;2;3;2;2;1;1;1;2;2;2;2;2;1;1;3;1;1;3;3;1;2;2;2;2;3;2;2;3;2;2;1;3;3;2;1;1;2;1;3;3;2;2;2;2;3;3;2;1;2;2;2;1;1;3;3;1;1;3;2;2;3;1;3;1;3;3;3;2;3;3;2;3;1;1;2;3;1;3;2;2;3;2;1;2;2;2;2;2;2;3;1;2;3;1;2;2;3;3;3;1;3;3;2;1;2;2;3;1;3;1;3;1;1;2;3;1;2;1;2;2;2;2;1;3;2;3;3
1;1;1;2;2;3;1;2;3;3;2;1;1;1;3;2;1;2;1;3;2;1;3;1;3;3;3;1;1;1;2;1;3;3;3;1;1;2;2;3;3;1;3;1;3;3;1;1;2;1;3;2;1;1;3;2;1;3;2;1;3;2;2;3;3;2;1;2;3;2;2;3;2;2;2;2;1;3;1;3;3;1;1;2;2;2;2;2;2;2;3;2;2;2;2;2;2;2;3;2;2;2;3;1;1;2;3;3;3;2;3;2;3;1;2;2;2;3;1;3;1;1;3;3;3;1;1;2;1;3;2;2;2;3;1;2;2;3;1;3;1;3;2;1;3;2;1;3;1;2;2;2;2;2;2;2;3;3
1;1;1;2;2;2;2;2;2;2;2;1;1;1;3;2;1;2;2;3;2;2;2;1;3;2;3;1;2;2;2;1;3;3;3;1;1;2;2;2;2;2;3;3;2;2;2;2;1;2;2;1;1;3;3;1;1;3;1;1;3;3;2;3;1;1;1;3;2;3;3;3;2;3;3;1;3;2;3;3;3;1;1;3;1;1;3;3;1;1;2;2;2;2;2;2;3;2;3;1;1;1;3;1;1;2;2;2;3;2;3;1;1;2;3;2;2;2;2;2;2;2;3;3;2;2;2;3;2;3;3;1;1;2;2;3;3;3;1;2;1;2;3;1;2;3;1;2;1;2;1;1;3;2;2;2;2;3
1;1;1;3;3;2;2;2;2;2;1;1;1;1;2;2;1;3;2;2;1;2;2;1;3;3;3;1;3;3;2;1;2;2;2;1;1;2;2;2;2;2;3;1;2;3;1;1;3;1;3;2;2;3;3;1;3;3;1;2;2;3;2;2;2;2;2;1;2;3;1;3;2;2;2;1;3;2;1;3;3;1;1;3;1;1;3;3;1;3;2;1;3;1;3;1;1;1;2;1;1;2;3;2;2;3;2;3;3;2;3;1;3;3;3;3;1;3;1;2;2;2;3;2;1;2;2;3;1;2;3;1;1;1;1;3;3;3;1;3;3;3;2;1;2;3;2;3;1;3;1;1;3;3;1;1;1;3
1;1;2;2;2;3;1;1;2;3;3;2;2;2;2;1;2;2;1;3;1;1;2;2;2;3;2;2;2;2;2;2;3;3;3;1;1;2;2;2;2;2;3;1;2;3;1;1;1;2;2;2;2;2;1;1;2;3;3;2;2;1;1;2;2;1;1;2;2;3;3;3;3;2;2;1;3;2;2;3;3;1;1;1;3;3;1;1;3;1;1;3;1;3;1;3;3;3;3;2;2;3;2;2;1;3;2;3;2;2;2;3;2;1;3;3;1;2;2;3;2;1;2;3;2;1;1;3;1;2;1;3;3;2;1;1;1;2;1;3;2;3;2;2;3;3;2;1;1;3;1;1;3;1;3;2;3;3
1;1;2;1;1;3;1;1;3;2;2;1;1;1;1;2;2;2;2;1;3;1;3;2;2;3;3;1;2;2;3;2;3;3;3;1;1;1;2;1;1;3;3;2;1;3;1;1;1;2;2;1;3;3;3;2;2;3;1;2;2;3;2;2;2;1;1;2;1;3;3;2;2;2;2;2;3;1;2;3;3;1;2;3;1;1;3;3;1;2;1;1;3;1;3;1;3;1;3;1;1;3;3;3;1;3;3;2;3;2;2;1;1;2;2;2;2;2;2;1;2;1;2;3;1;1;1;1;2;3;3;1;1;2;1;3;3;3;1;2;1;3;3;1;2;1;1;3;2;3;1;1;3;3;3;2;2;3
1;2;2;3;3;3;2;2;2;3;2;2;2;2;2;1;2;2;1;3;3;2;2;2;2;3;3;1;1;1;2;2;3;3;3;1;1;1;2;3;3;1;3;1;2;3;1;1;2;2;2;2;2;2;1;3;1;3;1;2;2;3;1;3;1;1;2;1;3;3;2;3;1;1;1;2;2;3;1;3;3;1;1;3;1;1;3;3;1;2;2;2;2;2;2;2;1;2;2;1;1;2;3;1;1;2;2;2;3;2;2;1;3;1;2;3;1;1;3;3;3;1;2;2;2;2;2;3;2;3;3;1;1;3;1;2;2;3;1;2;2;3;2;1;3;3;2;3;1;3;2;2;2;2;2;2;3;3
1;1;2;3;3;3;2;2;1;3;1;1;1;1;2;2;1;2;1;2;3;2;2;1;1;1;3;1;2;2;2;1;2;2;2;1;1;2;2;2;2;2;3;1;2;3;1;1;2;3;1;2;1;3;3;3;2;2;2;1;3;2;2;2;1;1;1;3;1;3;2;1;2;2;2;3;1;2;3;3;3;1;1;2;2;2;2;2;2;2;2;1;3;1;3;1;1;1;3;1;1;1;3;2;3;2;2;3;3;2;2;2;2;2;2;2;2;2;2;2;3;1;2;3;2;2;2;1;3;3;2;2;2;3;2;2;2;3;1;3;1;3;2;1;3;1;1;2;2;3;2;2;2;3;2;2;2;3
1;1;1;2;2;3;2;3;1;3;2;1;1;1;1;1;1;2;1;2;2;2;3;1;2;3;3;1;2;2;3;1;3;3;3;1;1;2;3;2;2;2;3;1;2;3;1;1;2;1;3;2;1;2;3;2;1;2;3;1;3;1;2;2;2;2;1;2;2;3;3;2;2;2;2;2;2;2;2;3;3;1;1;1;3;3;1;1;3;1;2;2;2;2;2;2;2;2;2;3;3;3;3;2;1;2;2;3;3;1;2;3;3;2;3;2;2;1;3;2;1;1;1;2;2;2;2;3;2;3;1;3;3;1;1;3;3;1;1;2;3;2;2;1;3;3;1;2;1;3;1;1;3;2;2;2;2;1
1;1;3;2;2;3;3;1;2;3;1;1;1;1;1;2;1;2;1;1;2;3;2;2;3;2;3;1;1;1;3;2;3;3;3;1;1;2;3;3;3;1;3;1;1;3;1;1;1;3;1;2;2;2;3;2;1;2;1;2;2;3;3;3;2;1;2;1;1;3;2;2;3;2;2;2;3;3;3;3;3;1;1;3;1;1;3;3;1;2;3;3;1;3;1;3;2;3;2;3;3;3;3;2;2;2;3;2;3;1;2;1;3;3;2;1;3;2;2;3;2;1;1;2;1;1;1;1;2;3;3;1;1;3;1;2;2;2;1;2;2;3;3;1;3;1;2;3;1;3;2;2;2;1;3;1;1;3
1;1;1;2;2;3;3;1;2;3;2;1;1;1;2;2;2;2;1;3;2;3;3;1;3;2;3;1;2;2;3;1;3;3;3;1;1;2;1;2;2;2;3;2;2;3;1;1;2;2;2;1;1;3;2;1;1;3;1;1;3;3;2;2;3;2;1;2;2;3;2;1;2;2;2;1;2;2;2;3;3;1;1;3;1;1;3;3;1;1;2;2;2;2;2;2;2;2;3;1;1;2;3;2;1;3;3;2;3;3;2;1;2;3;2;2;2;3;1;2;1;1;3;2;2;1;1;3;1;2;3;1;1;3;1;1;1;2;1;2;2;2;1;1;2;3;1;3;1;2;2;2;2;2;1;2;1;3
1;1;1;1;1;3;1;2;1;3;3;1;1;1;3;1;1;3;1;3;1;1;2;2;2;2;2;2;1;1;2;2;3;2;2;1;2;1;2;2;2;2;3;2;2;2;2;2;1;1;3;3;2;2;3;2;2;2;1;2;2;3;2;3;2;1;1;3;2;3;2;2;2;3;3;2;2;2;3;3;3;1;1;3;1;1;3;3;1;2;2;2;2;2;2;2;2;2;3;3;3;3;3;1;2;2;2;2;2;2;3;1;3;3;3;2;2;2;2;2;2;1;2;1;2;1;1;2;2;3;3;1;1;2;1;2;2;3;1;3;3;3;1;2;1;2;2;3;3;2;1;1;3;2;3;2;1;3
1;1;1;1;1;3;3;2;1;3;2;1;1;1;3;2;2;2;1;2;1;3;2;2;1;3;3;1;2;2;2;2;2;3;3;1;1;1;2;2;2;2;3;2;1;3;1;1;3;2;2;1;2;2;3;2;1;3;1;2;2;2;1;3;3;1;3;1;2;3;2;3;3;3;3;2;3;2;2;3;3;1;1;2;2;2;2;2;2;2;3;2;2;2;2;2;1;2;2;2;2;2;3;1;2;2;3;1;3;3;3;1;3;2;2;2;2;1;3;2;2;1;2;3;1;2;2;1;2;3;2;2;2;2;1;3;3;3;3;2;1;3;2;1;2;1;1;2;2;2;2;2;2;2;2;2;2;1
1;1;2;3;3;3;3;3;1;3;1;1;1;1;2;1;1;3;1;3;3;3;2;2;3;3;3;1;2;2;3;1;3;3;3;1;2;3;3;1;1;3;3;1;2;3;1;1;3;2;2;2;2;2;2;1;1;3;2;2;2;2;3;2;2;1;1;3;2;3;2;3;1;3;3;1;2;1;1;3;3;1;1;2;2;2;2;2;2;3;2;1;3;1;3;1;3;1;3;1;1;1;3;2;2;3;2;1;3;1;2;2;1;1;2;2;2;2;2;3;2;1;3;3;2;2;2;3;1;3;2;2;2;1;1;2;2;3;1;2;1;3;3;1;3;3;1;3;2;3;2;2;2;3;3;2;3;3
1;1;2;3;3;2;3;2;2;2;2;1;1;1;3;2;2;2;2;3;2;3;3;1;2;3;3;1;1;1;2;1;3;3;3;1;2;2;1;3;3;1;3;2;2;3;1;1;3;2;2;2;1;3;3;2;1;3;2;1;3;2;2;2;2;2;1;2;2;3;3;2;2;3;3;2;1;3;2;3;3;1;1;2;2;2;2;2;2;1;1;1;3;1;3;1;1;1;3;2;2;2;3;1;3;3;2;2;3;3;3;2;2;3;3;2;2;3;1;3;2;1;3;3;2;1;1;2;2;3;2;2;2;2;2;2;2;3;1;3;2;2;2;1;2;2;2;1;2;3;1;1;3;3;2;1;1;3
1;1;1;1;1;2;1;2;3;2;2;1;1;1;3;1;3;3;2;2;2;1;2;3;3;2;2;2;1;1;3;3;3;3;3;1;2;1;3;2;2;2;3;2;3;3;1;1;3;1;3;2;3;1;1;3;2;3;2;3;1;2;2;1;2;1;2;1;2;3;1;3;3;1;1;3;2;2;2;3;3;1;1;2;2;2;2;2;2;1;2;3;1;3;1;3;2;3;3;1;1;1;2;1;1;2;3;2;3;1;2;2;3;2;3;3;1;2;2;3;1;1;3;3;3;1;1;2;3;3;2;2;2;1;1;1;1;3;1;3;3;3;2;2;3;2;1;3;1;2;1;1;3;1;2;2;2;3
1;1;2;1;1;3;2;3;2;3;3;1;1;1;2;1;2;1;1;2;3;2;2;2;2;3;3;1;3;3;2;2;3;3;3;2;1;2;1;2;2;2;2;1;2;3;1;1;2;2;2;2;2;3;3;2;2;2;2;2;2;2;3;3;2;1;1;2;1;3;3;3;2;2;2;2;1;2;1;3;3;1;1;2;2;2;2;2;2;1;2;2;2;2;2;2;2;2;3;1;1;2;3;1;1;3;2;2;3;3;3;3;2;2;2;1;3;2;2;3;2;3;2;2;2;1;1;3;2;2;2;2;2;1;1;3;3;1;1;3;1;3;2;1;3;3;2;2;1;2;2;2;2;2;2;2;2;3
1;1;2;2;2;2;2;1;1;2;2;1;1;1;3;1;1;2;2;2;2;2;3;1;3;2;3;1;2;2;2;1;3;3;3;1;1;2;2;2;2;2;3;1;2;3;1;1;1;2;2;1;1;3;3;2;1;2;1;1;3;3;3;2;2;2;2;2;1;3;2;3;3;1;1;2;3;2;3;2;2;2;1;3;1;1;3;3;1;2;2;2;2;2;2;2;2;2;2;1;1;1;3;2;3;2;2;2;3;3;3;1;2;2;2;3;1;2;2;2;1;1;2;2;2;1;1;2;2;3;3;1;1;2;1;3;3;3;1;3;2;3;2;1;3;2;2;3;1;2;2;2;2;2;3;2;2;3
1;1;2;2;2;3;1;2;2;3;1;1;1;1;2;2;1;3;1;2;2;1;2;2;2;3;3;1;1;1;3;2;3;3;3;1;1;1;1;1;1;3;3;2;2;3;1;1;1;2;2;1;2;2;3;1;1;2;2;2;2;2;1;3;3;1;2;3;2;1;2;2;3;2;2;1;3;1;1;3;3;1;1;2;2;2;2;2;2;1;3;1;3;1;3;1;3;1;3;1;1;1;3;1;1;3;3;2;3;3;1;2;1;2;1;1;3;2;2;3;1;2;2;2;2;2;2;3;1;3;2;2;2;2;1;2;2;2;1;3;1;3;2;1;2;3;1;2;1;2;3;3;1;3;2;1;2;3
1;2;1;2;2;3;2;2;2;3;2;1;1;1;3;2;1;2;1;2;2;2;2;3;3;2;2;2;2;2;2;3;3;2;2;1;2;2;1;1;1;3;3;1;3;3;1;1;2;2;2;2;3;2;3;1;2;3;2;3;1;2;2;2;3;2;2;2;1;3;3;2;2;2;2;1;3;1;2;3;3;1;1;2;2;2;2;2;2;1;1;2;2;2;2;2;2;2;3;1;1;1;2;1;2;2;2;2;3;3;2;2;3;2;3;3;1;1;3;3;1;1;2;2;2;2;2;2;1;3;2;2;2;2;1;3;3;2;2;3;2;2;1;2;3;2;1;3;2;3;1;1;3;2;3;2;2;2
1;1;2;2;2;3;2;2;1;3;3;1;1;1;3;1;1;3;1;2;1;2;2;1;3;3;3;1;1;1;2;1;3;1;1;1;1;1;1;2;2;2;3;2;2;3;1;1;1;2;2;1;1;3;1;2;2;2;1;1;3;3;2;2;2;1;1;3;2;2;1;3;3;2;2;2;1;2;2;3;3;1;2;3;1;1;3;3;1;1;2;3;1;3;1;3;3;3;3;1;1;1;3;3;3;3;2;2;3;3;3;1;3;1;2;3;1;2;2;3;2;1;2;3;2;2;2;3;2;3;3;1;1;2;1;3;3;2;1;1;2;3;1;1;3;3;2;2;1;3;2;2;2;1;3;2;3;3
1;2;2;2;2;3;2;3;3;3;2;1;1;1;1;1;2;3;1;3;2;2;3;3;2;2;3;1;2;2;1;2;3;3;3;1;2;2;1;2;2;2;3;1;1;3;1;1;3;2;2;1;3;3;3;1;2;1;1;3;1;3;1;3;1;1;1;2;2;2;2;3;1;2;2;1;3;2;3;3;3;1;2;3;1;1;3;3;1;1;2;1;3;1;3;1;2;1;2;1;1;3;3;2;1;2;3;2;3;3;2;1;2;1;1;2;2;2;2;2;1;1;2;2;1;2;2;3;1;2;3;1;1;3;1;3;3;3;1;2;2;3;1;1;2;3;1;2;1;3;3;3;1;3;1;3;3;3
1;1;2;3;3;3;1;2;2;3;3;1;1;1;1;2;1;3;1;2;2;1;3;2;2;3;3;1;3;3;3;2;3;1;1;1;1;1;2;1;1;3;3;1;2;3;1;1;2;2;2;1;2;3;3;2;1;3;1;2;2;3;1;2;2;2;2;2;2;3;2;3;2;2;2;2;3;1;2;3;3;1;1;3;1;1;3;3;1;2;3;3;1;3;1;3;1;3;2;1;1;2;3;2;2;2;2;2;3;2;3;1;3;3;3;1;3;1;3;3;3;2;3;1;2;1;1;2;2;3;3;1;1;2;1;2;2;1;1;2;3;3;2;1;3;3;1;2;1;2;1;1;3;1;2;2;1;3
1;1;3;2;2;3;2;1;1;3;2;1;1;1;3;1;2;1;1;3;2;2;2;2;2;2;3;1;1;1;2;1;3;3;3;1;1;1;1;2;2;2;3;1;2;3;1;1;2;3;1;1;2;2;3;3;2;3;1;2;2;3;1;3;2;1;2;2;2;3;2;2;2;1;1;3;3;2;3;3;3;1;2;3;1;1;3;3;1;1;3;1;3;1;3;1;2;1;3;2;2;3;3;1;1;2;2;3;2;3;1;1;2;3;2;1;3;2;2;3;3;1;3;2;2;3;3;3;3;3;3;1;1;2;1;3;3;2;1;3;2;3;3;1;2;3;1;3;2;3;2;2;2;3;2;1;1;3
1;1;2;2;2;3;2;1;2;3;2;1;1;1;3;1;2;2;1;3;1;2;2;2;2;1;3;1;2;2;2;2;3;3;3;1;1;1;3;1;1;3;3;2;1;3;1;1;2;2;2;1;2;3;3;1;2;2;2;2;2;2;1;2;3;1;1;1;1;3;2;2;2;3;3;1;1;1;2;2;2;2;1;2;2;2;2;2;2;2;1;2;2;2;2;2;2;2;2;1;1;3;2;1;1;3;3;2;3;1;3;2;1;2;2;2;2;2;2;3;2;1;3;3;1;1;1;3;1;3;2;2;2;2;1;3;3;3;3;2;2;3;1;2;2;3;1;2;2;3;2;2;2;2;3;2;2;3
1;1;2;2;2;3;2;1;3;3;2;1;1;1;2;2;1;2;1;3;2;2;3;1;2;2;3;1;1;1;3;1;3;3;3;1;1;2;1;2;2;2;2;2;2;3;1;1;1;2;2;2;1;2;2;2;2;1;2;1;3;2;2;3;2;1;2;3;2;3;2;2;3;3;3;2;3;2;2;2;2;2;1;2;2;2;2;2;2;1;2;2;2;2;2;2;3;2;2;1;1;1;3;2;2;3;2;3;3;3;2;2;3;1;3;3;1;2;2;1;3;2;1;3;2;2;2;2;1;2;2;2;2;2;1;2;2;3;2;2;1;3;1;1;2;2;1;3;1;3;1;1;3;2;1;2;3;3
1;1;1;1;1;3;2;1;2;3;3;1;1;1;2;1;1;3;1;3;2;2;3;1;3;3;3;1;2;2;1;1;3;3;3;1;3;3;2;2;2;2;2;1;3;3;1;1;2;1;3;2;1;2;2;3;2;3;2;1;3;2;3;1;2;2;2;3;1;3;3;3;2;2;2;3;3;2;1;3;3;1;1;2;2;2;2;2;2;2;2;1;3;1;3;1;3;1;3;2;2;1;3;1;2;2;3;2;3;2;1;2;2;2;1;2;2;2;2;3;1;1;2;2;3;1;1;3;2;2;2;2;2;2;1;2;2;2;1;3;1;2;1;1;3;3;1;2;2;3;3;3;1;3;3;2;2;3
1;1;2;2;2;3;3;2;2;3;2;1;1;1;3;1;2;2;1;3;2;3;3;2;2;3;3;1;2;2;1;2;3;3;3;1;2;1;2;1;1;3;3;1;1;3;1;1;2;2;2;2;2;2;3;1;1;2;2;2;2;2;3;2;2;1;2;2;1;3;2;2;3;3;3;1;2;1;2;3;3;1;1;2;2;2;2;2;2;1;1;2;2;2;2;2;2;2;3;1;1;2;3;1;1;2;2;2;3;2;3;2;3;1;3;2;2;1;3;3;1;1;2;2;1;2;2;2;1;3;2;2;2;2;1;2;2;1;1;3;2;3;2;1;3;2;1;2;2;3;1;1;3;2;2;1;3;1
1;1;2;2;2;3;1;3;3;3;2;2;2;2;2;2;2;3;1;2;1;1;2;1;3;3;3;1;2;2;2;1;3;2;2;1;1;1;3;2;2;2;3;1;1;3;1;1;1;2;2;2;1;2;3;2;1;2;2;1;3;2;3;2;3;1;1;2;2;3;1;3;2;3;3;2;3;2;2;3;3;1;1;2;2;2;2;2;2;2;1;1;3;1;3;1;2;1;3;1;1;3;3;2;2;2;2;2;3;2;2;2;3;2;2;3;1;2;2;3;2;1;2;3;1;3;3;1;2;2;2;2;2;3;1;2;2;2;1;3;2;3;2;1;2;1;1;2;2;3;2;2;2;3;3;2;2;3
1;1;2;2;2;2;2;2;2;2;3;1;1;1;2;1;1;2;2;2;2;2;3;1;3;3;3;1;2;2;2;1;3;2;2;1;1;1;3;2;2;2;3;1;2;3;1;1;2;2;2;2;1;2;2;1;1;3;1;1;3;3;2;3;2;1;2;3;1;3;1;1;2;2;2;1;3;2;3;3;3;1;1;3;1;1;3;3;1;3;3;2;2;2;2;2;3;2;3;2;2;3;3;2;2;3;3;2;3;1;1;1;2;3;3;2;2;2;2;3;2;1;3;3;2;1;1;3;1;2;3;1;1;3;1;2;2;1;1;3;2;3;2;1;3;3;1;2;1;2;1;1;3;2;2;2;1;3
1;1;2;3;3;1;2;2;2;1;2;1;1;1;2;3;1;3;3;3;2;2;2;2;3;3;3;1;2;2;3;2;3;3;3;1;3;2;1;2;2;2;3;3;1;2;2;2;2;3;1;2;2;3;2;1;1;3;2;2;2;2;2;2;2;1;1;3;1;3;2;2;2;2;2;1;2;2;3;3;3;1;1;2;2;2;2;2;2;3;1;2;2;2;2;2;2;2;2;1;1;1;3;2;1;3;2;3;3;3;2;2;2;3;3;3;1;1;3;3;2;1;2;2;1;1;1;3;1;2;2;2;2;3;1;3;3;3;2;2;2;3;2;1;2;3;1;2;1;3;2;2;2;2;2;2;1;3
1;2;1;1;1;3;2;3;1;3;2;1;1;1;1;1;2;3;1;3;2;2;2;2;2;2;2;2;2;2;2;2;3;3;3;1;1;2;2;2;2;2;3;1;2;3;1;1;2;1;3;1;2;3;3;1;1;2;2;2;2;2;2;1;2;1;2;1;2;3;3;2;3;3;3;1;2;2;3;3;3;1;1;2;2;2;2;2;2;3;1;1;3;1;3;1;2;1;3;1;1;1;2;2;3;3;3;3;2;2;3;2;3;2;3;2;2;2;2;2;2;1;2;3;2;2;2;2;2;3;2;2;2;3;1;3;3;3;1;2;2;3;2;2;3;2;2;2;1;3;1;1;3;3;2;1;2;3
1;1;2;2;2;2;2;1;2;2;2;1;1;1;3;1;2;3;2;3;2;2;3;1;2;1;2;2;2;2;2;1;2;3;3;1;1;2;1;2;2;2;2;3;2;3;1;1;2;2;2;2;1;1;3;1;2;3;2;1;3;2;1;3;3;1;1;3;2;2;3;3;2;3;3;1;3;2;3;3;3;1;1;2;2;2;2;2;2;3;1;2;2;2;2;2;2;2;2;3;3;3;3;1;1;2;2;3;2;3;3;2;3;2;1;3;1;3;1;1;2;1;1;3;2;2;2;3;1;3;2;2;2;3;1;1;1;3;1;3;2;3;2;2;3;3;1;3;3;3;3;3;1;2;3;1;2;3
1;2;3;2;2;2;3;1;2;2;2;1;1;1;3;3;1;3;2;3;1;2;2;3;3;2;3;1;2;2;3;1;3;3;3;1;1;2;1;1;1;3;3;1;2;3;1;1;1;3;1;1;3;2;3;1;2;3;3;3;1;1;2;2;2;1;2;3;3;3;3;1;3;2;2;1;3;1;1;3;3;1;1;1;3;3;1;1;3;1;3;2;2;2;2;2;1;2;3;2;2;3;3;2;2;2;2;3;3;3;2;3;3;1;2;3;1;2;2;3;3;1;2;3;2;2;2;3;1;3;1;3;3;2;1;3;3;3;1;3;1;3;3;1;3;3;1;3;2;3;2;2;2;2;1;1;3;3
1;1;3;2;2;2;1;2;2;2;2;1;1;1;2;1;2;2;2;2;2;1;3;1;3;2;3;1;2;2;3;1;2;2;2;1;1;2;2;2;2;2;3;1;2;2;2;2;1;3;1;2;1;1;1;1;1;1;2;1;3;2;3;2;2;1;2;2;1;3;2;3;3;3;3;1;3;2;2;3;3;1;1;2;2;2;2;2;2;1;2;1;3;1;3;1;2;1;2;2;2;3;3;1;1;2;3;1;3;2;3;2;3;2;2;3;1;1;3;3;2;1;1;2;2;1;1;2;1;3;2;2;2;3;1;2;2;3;1;2;2;3;3;1;3;2;1;2;2;3;2;2;2;3;2;2;2;3
1;1;3;2;2;3;2;2;2;3;2;1;1;1;3;2;1;3;1;3;1;2;3;1;3;3;3;1;1;1;2;1;3;1;1;2;1;1;3;2;2;2;3;1;1;3;1;1;1;3;1;2;1;3;1;2;1;3;1;1;3;3;1;3;1;1;2;2;2;3;3;1;3;2;2;2;1;2;2;2;2;2;1;3;1;1;3;3;1;1;3;2;2;2;2;2;3;2;2;1;1;1;3;2;2;2;3;1;3;1;2;1;3;3;2;2;2;2;2;3;2;1;1;2;1;1;1;3;2;3;3;1;1;3;1;2;2;2;1;3;2;2;1;1;2;3;2;3;1;3;2;2;2;2;1;2;1;3
1;1;3;2;2;3;2;1;2;3;2;1;1;1;1;1;1;3;1;2;2;2;3;3;3;2;3;1;2;2;3;3;2;3;3;1;2;2;2;1;1;3;3;1;2;3;1;1;2;3;1;1;3;3;3;3;2;3;2;3;1;2;2;2;3;1;1;2;2;3;2;2;2;3;3;2;3;1;2;3;3;1;2;2;2;2;2;2;2;1;3;3;1;3;1;3;2;3;3;2;2;2;3;1;3;2;3;2;3;2;2;2;1;3;2;2;2;3;1;2;2;1;3;2;2;2;2;2;2;3;2;2;2;2;1;3;3;2;1;3;2;2;3;1;2;2;1;1;2;2;2;2;2;1;2;2;1;3
1;1;1;3;3;3;2;2;2;3;1;1;1;1;3;2;2;3;1;3;1;2;2;1;3;2;3;1;2;2;2;1;3;2;2;1;1;2;3;1;1;3;2;2;2;3;1;1;2;1;3;1;1;3;3;3;1;3;2;1;3;2;1;2;3;1;1;3;1;3;2;3;2;2;2;2;3;1;2;2;2;2;1;2;2;2;2;2;2;1;2;1;3;1;3;1;2;1;3;1;1;3;3;1;1;3;3;2;3;1;2;2;2;1;3;3;1;2;2;3;3;1;2;3;2;2;2;3;2;3;2;2;2;1;1;2;2;2;1;2;3;2;2;1;2;3;2;3;1;2;1;1;3;3;2;2;3;3
1;1;1;2;2;3;2;2;2;2;2;1;1;1;2;1;1;3;2;3;2;2;3;1;2;2;1;3;3;3;3;1;2;3;3;1;1;3;1;2;2;2;3;1;2;3;1;1;2;1;3;2;1;3;2;1;1;2;1;1;3;3;2;3;3;1;2;2;1;3;3;2;2;3;3;1;1;2;2;3;3;1;1;3;1;1;3;3;1;2;1;2;2;2;2;2;2;2;2;1;1;3;1;2;1;2;2;2;3;3;2;1;3;1;2;2;2;2;2;2;3;1;2;3;2;1;1;3;1;3;3;1;1;3;1;2;2;2;1;3;2;3;1;3;3;3;1;3;1;2;2;2;2;2;2;2;3;3
1;1;1;2;2;3;3;1;2;3;2;1;1;1;3;3;1;2;1;3;2;3;3;3;2;2;3;1;1;1;3;2;3;2;2;1;2;1;3;1;1;3;2;2;2;3;1;1;2;1;3;2;3;3;3;2;2;2;2;3;1;2;3;2;3;1;1;2;2;3;2;2;2;2;2;2;1;1;2;2;2;2;2;2;2;2;2;2;2;2;3;2;2;2;2;2;1;2;3;1;1;1;3;1;1;3;2;2;2;1;3;2;2;1;2;2;2;2;2;2;2;1;2;2;2;2;2;3;2;3;2;2;2;1;3;2;2;2;1;2;2;2;2;1;3;3;1;3;2;3;2;2;2;2;2;2;3;3
1;1;2;2;2;3;3;1;1;3;3;1;1;1;3;2;1;2;1;2;1;3;2;1;3;2;3;1;1;1;2;1;3;2;2;2;1;2;2;2;2;2;3;1;2;3;1;1;3;3;1;1;1;3;3;2;1;3;3;1;3;1;1;3;2;1;1;1;2;3;3;2;1;3;3;2;2;2;2;3;3;1;1;1;3;3;1;1;3;2;1;2;2;2;2;2;3;2;2;1;1;2;3;2;1;2;3;1;3;3;3;3;1;1;2;2;2;2;2;2;2;1;3;3;2;2;2;3;2;3;1;3;3;3;2;3;3;2;1;2;2;3;3;1;3;3;1;3;3;3;2;2;2;2;2;2;3;3
1;1;2;2;2;2;2;2;1;2;2;1;1;1;1;1;1;3;2;2;1;2;2;1;2;3;3;1;1;1;2;1;2;2;2;1;1;2;1;3;3;1;3;1;2;3;1;1;2;3;1;3;1;2;2;3;1;3;2;1;3;2;2;2;3;1;1;3;2;3;2;3;3;3;3;3;1;3;2;2;2;2;1;2;2;2;2;2;2;1;3;3;1;3;1;3;3;3;1;1;1;3;3;2;1;2;2;2;3;3;2;2;3;3;2;2;2;2;2;3;3;1;3;1;2;3;3;2;2;3;2;2;2;3;1;1;1;1;1;3;1;1;3;1;3;2;2;3;1;3;2;2;2;1;2;2;2;3
1;2;2;1;1;2;3;2;2;2;3;1;1;1;3;1;1;1;2;1;2;3;2;2;3;3;3;1;1;1;2;2;2;3;3;1;1;1;2;3;3;1;3;2;2;3;1;1;2;2;2;2;2;2;3;1;2;3;2;2;2;2;2;2;1;2;1;2;1;3;2;2;3;3;3;1;3;3;2;3;3;1;1;2;2;2;2;2;2;1;2;2;2;2;2;2;2;2;2;2;2;3;3;1;2;2;2;2;3;2;3;2;3;3;2;2;2;2;2;3;3;1;3;3;2;1;1;2;1;3;2;2;2;2;1;2;2;1;1;2;2;3;2;1;3;2;1;3;2;3;2;2;2;2;2;2;1;3
1;1;2;1;1;3;3;1;2;3;3;1;1;1;2;1;1;2;1;3;2;3;1;3;2;2;3;1;2;2;2;3;3;1;1;1;1;2;2;2;2;2;3;1;2;3;1;1;3;2;2;1;3;3;3;2;1;3;1;3;1;3;2;2;2;1;2;1;2;3;3;2;1;2;2;2;2;2;1;3;3;1;1;3;1;1;3;3;1;2;1;3;1;3;1;3;1;3;2;1;1;3;3;2;2;3;3;1;2;2;3;1;2;1;1;2;2;3;1;3;2;1;3;2;2;2;2;3;2;3;3;1;1;3;1;3;3;1;1;2;3;2;3;1;2;3;1;1;2;3;3;3;1;1;3;2;3;3