dataset,n_samples,n_features,model_key,model_name,mean_r2,std_r2,mean_rmse,mean_mae,mean_rules,mean_atoms,mean_time
Diabetes (Real Biomedical),442,10,cart_full,CART (Full Tree SRS),-0.13039617757033375,0.13401998634285553,81.1345401857785,63.65799284984678,346.4,3745.8,0.002319478988647461
Diabetes (Real Biomedical),442,10,cart_d4,CART (Depth-4 SRS),0.3157442494781962,0.0917538059753105,62.98413000049188,50.135580257775175,15.4,61.0,0.0007960796356201172
Diabetes (Real Biomedical),442,10,rulegp,ruleGP (SRS Regressor),0.32698949385210224,0.12391078315483589,62.25997667343786,50.535090843735624,9.6,13.2,0.8464288234710693
Diabetes (Real Biomedical),442,10,rulensga2,ruleNSGA-II (SRS Regressor),0.34106357718447466,0.0952464921360349,61.8171182345434,51.27015351575219,4.4,3.6,1.1804741382598878
Diabetes (Real Biomedical),442,10,ruleplcs,rulePLCS (SRS Regressor),0.30836368000251146,0.03801015036508776,63.534593684153876,53.93094724693661,7.2,24.6,0.9071177482604981
Diabetes (Real Biomedical),442,10,rulefit,RuleFit (Rule Ensemble),0.4247790353228596,0.12714412614568427,57.543009888874074,46.24945860909518,47.8,47.8,2.829149770736694
Friedman #1 (Nonlinear Interaction),400,10,cart_full,CART (Full Tree SRS),0.5335936451893517,0.14147560350545194,3.3103683538429998,2.6463614906326116,320.0,3140.6,0.0034540176391601564
Friedman #1 (Nonlinear Interaction),400,10,cart_d4,CART (Depth-4 SRS),0.5713108989760821,0.04216061578466811,3.227913492056799,2.6088775186052935,16.0,64.0,0.0014822006225585938
Friedman #1 (Nonlinear Interaction),400,10,rulegp,ruleGP (SRS Regressor),0.5114330558060927,0.04728607331927509,3.4543227328076354,2.8128711733285794,8.4,12.6,0.7749886512756348
Friedman #1 (Nonlinear Interaction),400,10,rulensga2,ruleNSGA-II (SRS Regressor),0.4311952036520248,0.05168769256767584,3.735223706489772,3.0953325026804737,6.2,6.8,1.1628245830535888
Friedman #1 (Nonlinear Interaction),400,10,ruleplcs,rulePLCS (SRS Regressor),0.41645536922277315,0.08069096804878434,3.7624975294329617,3.046644425312731,9.0,22.0,1.0333572387695313
Friedman #1 (Nonlinear Interaction),400,10,rulefit,RuleFit (Rule Ensemble),0.811634201127015,0.03621826815835769,2.125734113977205,1.6700479247605753,45.8,45.8,1.9732481479644775
Friedman #2 (Severe Nonlinearity),400,4,cart_full,CART (Full Tree SRS),0.9678974870088066,0.005673032874895142,65.31777647311726,44.92012730749963,320.0,2863.4,0.02143206596374512
Friedman #2 (Severe Nonlinearity),400,4,cart_d4,CART (Depth-4 SRS),0.9165065283929413,0.011960588543372458,105.34423148973653,77.05844802606391,16.0,64.0,0.0005814552307128907
Friedman #2 (Severe Nonlinearity),400,4,rulegp,ruleGP (SRS Regressor),0.7905717934963585,0.04693798233929353,164.97528600063643,125.11515207868676,6.8,10.6,0.5316391944885254
Friedman #2 (Severe Nonlinearity),400,4,rulensga2,ruleNSGA-II (SRS Regressor),0.7428674374939463,0.019927573199086644,185.54551030153058,139.2804416770246,5.8,7.0,0.8752562046051026
Friedman #2 (Severe Nonlinearity),400,4,ruleplcs,rulePLCS (SRS Regressor),0.6981293717014846,0.06613632870883954,200.643629397123,146.73277336479833,7.0,10.0,0.7278285980224609
Friedman #2 (Severe Nonlinearity),400,4,rulefit,RuleFit (Rule Ensemble),0.9836248660528977,0.0030611943019436534,46.70475251644202,33.73352413190126,46.6,46.6,3.2343353748321535
Friedman #3 (Impedance),400,4,cart_full,CART (Full Tree SRS),0.6712055512450021,0.09741937722374994,0.1797914748678094,0.13952156502451024,320.0,3636.0,0.005785417556762695
Friedman #3 (Impedance),400,4,cart_d4,CART (Depth-4 SRS),0.6501536561461618,0.11473274910710345,0.18409925077732017,0.13695842223559654,16.0,64.0,0.0006911277770996094
Friedman #3 (Impedance),400,4,rulegp,ruleGP (SRS Regressor),0.578657832015119,0.10129941053197429,0.20403568093515428,0.15563572275967494,7.4,11.2,0.6198551177978515
Friedman #3 (Impedance),400,4,rulensga2,ruleNSGA-II (SRS Regressor),0.6309206220110125,0.06157835003354208,0.1939344540822349,0.14853314653773952,8.0,8.4,0.894141960144043
Friedman #3 (Impedance),400,4,ruleplcs,rulePLCS (SRS Regressor),0.4755460437791531,0.05098986238997954,0.23309055818487262,0.1737299318067759,8.4,16.0,0.9397299289703369
Friedman #3 (Impedance),400,4,rulefit,RuleFit (Rule Ensemble),0.8369149831795765,0.036448147279153326,0.12739506161528694,0.10155143930956975,46.8,46.8,2.6474140167236326
California Housing (Spatial/Macro),800,8,cart_full,CART (Full Tree SRS),0.44121699142335213,0.06442816235688961,0.8672275669491208,0.602373,618.4,7389.2,0.003964996337890625
California Housing (Spatial/Macro),800,8,cart_d4,CART (Depth-4 SRS),0.5349165089614278,0.034020543971627376,0.7917528022400473,0.5872002528763354,16.0,64.0,0.0012087345123291016
California Housing (Spatial/Macro),800,8,rulegp,ruleGP (SRS Regressor),0.4704021732476743,0.07372999385682218,0.8425845286864396,0.6386085289366177,8.6,11.4,0.7993550777435303
California Housing (Spatial/Macro),800,8,rulensga2,ruleNSGA-II (SRS Regressor),0.46329393015562237,0.07041415350118477,0.8479324059107525,0.659314391344678,5.2,4.4,1.1340744018554687
California Housing (Spatial/Macro),800,8,ruleplcs,rulePLCS (SRS Regressor),0.16034651597635047,0.05114777888998678,1.0643576908547818,0.8087640966411751,6.6,14.6,0.7426029682159424
California Housing (Spatial/Macro),800,8,rulefit,RuleFit (Rule Ensemble),0.6868091998128796,0.06154116532157955,0.6451857725249164,0.4652007950510229,42.6,42.6,3.852332925796509
