Dataset,Model,R2_Mean,R2_Std,RMSE,Complexity (Atoms),Runtime_s
Friedman #1,Ridge,0.6899758632977677,0.0520320451115546,2.733417505159348,10.0,0.004584789276123047
Friedman #1,CART (d=4),0.5713108989760821,0.04216061578466811,3.227913492056799,31.0,0.005009889602661133
Friedman #1,RuleGP (Constant),0.3257562598293607,0.0712388869822566,4.069854373961144,8.4,0.5500342845916748
Friedman #1,RuleGP (Takagi-Sugeno),0.6833492217790809,0.04475231025448588,2.7679333140656133,1.0,3.436939001083374
Friedman #1,RuleNSGA-II (Constant),0.38407593974884346,0.1245911653643898,3.8635985750862014,4.4,0.8506679534912109
Friedman #1,RuleNSGA-II (Takagi-Sugeno),0.6807761639303361,0.04777602414767274,2.7783520642093467,1.0,5.508476257324219
Friedman #2,Ridge,0.84299389782455,0.026238754173681635,143.49384746920765,4.0,0.0032448768615722656
Friedman #2,CART (d=4),0.9165065283929413,0.011960588543372458,105.34423148973653,31.0,0.0058460235595703125
Friedman #2,RuleGP (Constant),0.7469218576388107,0.0644322230692026,180.86789013637767,7.0,0.5196061134338379
Friedman #2,RuleGP (Takagi-Sugeno),0.8467803663493342,0.024350010066073933,142.12332266245534,1.0,3.7876548767089844
Friedman #2,RuleNSGA-II (Constant),0.7459091864803141,0.06974205059002533,180.27217786195033,5.6,0.7274410724639893
Friedman #2,RuleNSGA-II (Takagi-Sugeno),0.8433153014171424,0.024801024130376173,143.6325473550188,1.0,5.667299032211304
Friedman #3,Ridge,0.01564099404462511,0.07629294875026751,1.0377594449950693,4.0,0.0028228759765625
Friedman #3,CART (d=4),-0.20455824983528426,0.164211789384942,1.1473063324158466,27.8,0.003715038299560547
Friedman #3,RuleGP (Constant),-0.004955746016485474,0.06712884019678649,1.0488326435479731,5.8,0.39701390266418457
Friedman #3,RuleGP (Takagi-Sugeno),0.014410737475477298,0.0747539003484501,1.0385258006449944,1.0,3.2553768157958984
Friedman #3,RuleNSGA-II (Constant),0.03405379569258278,0.05797364725370107,1.0289455588884961,1.0,0.7165348529815674
Friedman #3,RuleNSGA-II (Takagi-Sugeno),0.005250557979888537,0.06755264738002097,1.0435432304824364,1.0,5.445541143417358
Diabetes,Ridge,0.4093001508128283,0.0642007831802065,58.56419169725575,10.0,0.002832174301147461
Diabetes,CART (d=4),0.3135528183444386,0.08936673861792659,63.09711895418178,29.8,0.004499912261962891
Diabetes,RuleGP (Constant),0.2991001865350714,0.09691311518474523,63.778675856930704,6.4,0.47383809089660645
Diabetes,RuleGP (Takagi-Sugeno),0.4085690021181535,0.06486960439337051,58.598428186510695,1.0,3.5864460468292236
Diabetes,RuleNSGA-II (Constant),0.3442449655011376,0.09957093086009106,61.59740214053759,2.0,0.8472669124603271
Diabetes,RuleNSGA-II (Takagi-Sugeno),0.3908783407686641,0.0510465359874601,59.542683616682595,1.0,5.585006237030029
