sweep,dataset,max_generations,population_size,macro_f1,macro_f1_std,mean_atoms,mean_time_s
generations,Iris,50,120,0.9461227664215954,0.04058432719841135,2.2,0.7338513374328614
generations,Iris,150,120,0.9397279916057679,0.03935710138064326,2.4,1.5174100875854493
generations,Iris,300,120,0.9397279916057679,0.03935710138064326,2.4,1.4774658203125
generations,Iris,500,120,0.9397279916057679,0.03935710138064326,2.4,1.4594156265258789
population,Iris,300,60,0.9400165918943681,0.04860614308484601,3.0,2.2178174018859864
population,Iris,300,180,0.9461227664215954,0.04058432719841135,2.4,1.921779489517212
generations,Wine,50,120,0.9244863729936194,0.044960572904002086,3.2,0.7613508224487304
generations,Wine,150,120,0.9395259185259185,0.03655164742222996,4.2,2.3330665588378907
generations,Wine,300,120,0.938938560869097,0.04305474848319934,5.2,4.338205194473266
generations,Wine,500,120,0.9440783346755376,0.0346221167639871,5.6,5.0333733558654785
population,Wine,300,60,0.9230028931598456,0.05712333139772421,6.6,4.532829332351684
population,Wine,300,180,0.9222524665524515,0.03143285813067706,4.6,3.71224045753479
generations,Breast Cancer,50,120,0.9234668204566869,0.013809552012215993,2.2,0.9871643543243408
generations,Breast Cancer,150,120,0.9269193335110619,0.02480448360201981,3.4,2.8539003849029543
generations,Breast Cancer,300,120,0.9211614304881348,0.020441401360608593,4.2,5.611727571487426
generations,Breast Cancer,500,120,0.9285335935043753,0.016629297163021892,4.8,8.036532735824585
population,Breast Cancer,300,60,0.9115134128065406,0.024973661487913485,5.8,4.053059339523315
population,Breast Cancer,300,180,0.9341037073042955,0.019063605018461167,2.6,4.333866453170776
