dataset,model,macro_f1,macro_f1_std,mean_atoms,mean_time
Breast Cancer,CART (Full),0.9091302609253,0.023891225037642527,93.0,0.0033862113952636717
Breast Cancer,CART (d=4),0.9152313121007634,0.03621399780281595,41.6,0.0025499820709228515
Breast Cancer,ruleGP,0.9341911776412377,0.010354905795871791,5.2,7.30578842163086
Breast Cancer,ruleNSGA-II,0.9142339786515367,0.03573726883224709,4.6,4.188794994354248
Breast Cancer,rulePLCS,0.9188547515043688,0.019337608682116352,38.8,7.808709383010864
Breast Cancer,RuleFit,0.9486560984460715,0.015896773870201573,76.6,0.94044508934021
Wine,CART (Full),0.8940665808807342,0.06463693814423044,32.2,0.0007656574249267578
Wine,CART (d=4),0.9004995767281991,0.051951815007198844,28.6,0.0008222103118896484
Wine,ruleGP,0.9440783346755376,0.0346221167639871,5.6,5.15349817276001
Wine,ruleNSGA-II,0.8889032502746732,0.022935558025061316,3.6,2.27903094291687
Wine,rulePLCS,0.8976442663641478,0.011260878663286325,11.4,2.5452984809875487
Wine,RuleFit,0.973438321132474,0.0333422889625187,163.8,2.1201289653778077
Car Evaluation,CART (Full),0.9565800300576373,0.01941264023913959,811.6,0.0016207218170166016
Car Evaluation,CART (d=4),0.40432203962914154,0.005957114631087103,28.0,0.0008854389190673829
Car Evaluation,ruleGP,0.7117659771880006,0.0827547772234986,8.6,12.786987400054931
Car Evaluation,ruleNSGA-II,0.5524312623300427,0.07461214380597771,5.6,4.989258289337158
Car Evaluation,rulePLCS,0.6080015375419026,0.04990422064972128,78.0,10.82306365966797
Car Evaluation,RuleFit,0.9412465747952574,0.014598970247395295,408.2,6.759141969680786
Heart Disease,CART (Full),0.7316341037274571,0.06138791829359484,253.0,0.0011153221130371094
Heart Disease,CART (d=4),0.7673681198550917,0.06505656035274886,60.0,0.000843667984008789
Heart Disease,ruleGP,0.8081984986163949,0.05935576023522027,8.2,7.993325185775757
Heart Disease,ruleNSGA-II,0.7325498767773911,0.05854717667248911,6.0,5.254057264328003
Heart Disease,rulePLCS,0.7707329410688422,0.03715881931645359,60.4,8.684615325927734
Heart Disease,RuleFit,0.8097314322351579,0.060366370072324725,68.0,0.6581140518188476
DNF (3x2),CART (Full),1.0,0.0,65.0,0.0012472152709960937
DNF (3x2),CART (d=4),0.9187476081702972,0.004856968873017182,40.0,0.0012865543365478515
DNF (3x2),ruleGP,0.9604007347770629,0.05293572032467334,6.2,8.306684017181396
DNF (3x2),ruleNSGA-II,0.813962512133531,0.08569446126891668,5.8,3.8298852920532225
DNF (3x2),rulePLCS,1.0,0.0,24.6,6.527020072937011
DNF (3x2),RuleFit,1.0,0.0,40.8,2.484271001815796
XOR (3-bit),CART (Full),0.9789835246797974,0.006638515141651281,1869.2,0.0024560928344726563
XOR (3-bit),CART (d=4),0.49777884011509893,0.015734513770063782,64.0,0.0010577678680419923
XOR (3-bit),ruleGP,0.7431198372161999,0.10923498811925764,6.4,7.931218671798706
XOR (3-bit),ruleNSGA-II,0.7061260562537607,0.15553472908235916,7.6,5.917606163024902
XOR (3-bit),rulePLCS,1.0,0.0,12.0,3.6041800498962404
XOR (3-bit),RuleFit,0.9904951881890206,0.019009623621958616,70.8,2.115407657623291
Checkerboard,CART (Full),0.6504647172204543,0.08348694728981898,3450.6,0.010303449630737305
Checkerboard,CART (d=4),0.4511130362530449,0.02486491323052531,52.2,0.003827810287475586
Checkerboard,ruleGP,0.6056151434355879,0.02076544900888502,7.6,13.819235610961915
Checkerboard,ruleNSGA-II,0.49577597790395167,0.03351976790401326,9.6,8.27798089981079
Checkerboard,rulePLCS,0.9358896669878582,0.02410396080758869,52.4,10.316420936584473
Checkerboard,RuleFit,0.6338248205168633,0.1046706158370294,76.4,1.1596821308135987
Monk-3,CART (Full),0.8628560137013664,0.028674804569543605,496.4,0.0009038448333740234
Monk-3,CART (d=4),0.9504238050666919,0.015724567020537903,57.0,0.0006415843963623047
Monk-3,ruleGP,0.9237448756175606,0.04775259448306749,3.4,3.473056173324585
Monk-3,ruleNSGA-II,0.8917689093050312,0.06862266136629175,3.2,3.088834762573242
Monk-3,rulePLCS,0.8820203929951349,0.013238426360493931,59.2,8.1704683303833
Monk-3,RuleFit,0.9402871295851385,0.01574627245224976,69.0,1.2606200218200683
Imbalanced,CART (Full),0.8803426335891464,0.03088824332950562,190.0,0.00397944450378418
Imbalanced,CART (d=4),0.8931035881628885,0.022992733173117317,34.2,0.0023217201232910156
Imbalanced,ruleGP,0.8902545503080944,0.030151926834001603,2.6,5.883693552017212
Imbalanced,ruleNSGA-II,0.8568806173629028,0.04099049735390976,2.6,3.269785690307617
Imbalanced,rulePLCS,0.8516806275470173,0.03800202839566621,42.2,8.283904361724854
Imbalanced,RuleFit,0.916149773975296,0.03398626918104355,66.4,1.3184726238250732
