dataset,backend,macro_f1,macro_f1_std,mean_atoms
Breast Cancer,rulegp,0.9341911776412377,0.010354905795871791,5.2
Breast Cancer,rulensga2,0.9142339786515367,0.03573726883224709,4.6
Breast Cancer,ruleplcs,0.9188547515043688,0.019337608682116352,38.8
Wine,rulegp,0.9440783346755376,0.0346221167639871,5.6
Wine,rulensga2,0.8889032502746732,0.022935558025061316,3.6
Wine,ruleplcs,0.8976442663641478,0.011260878663286325,11.4
Car Evaluation,rulegp,0.7117659771880006,0.0827547772234986,8.6
Car Evaluation,rulensga2,0.5524312623300427,0.07461214380597771,5.6
Car Evaluation,ruleplcs,0.6080015375419026,0.04990422064972128,78.0
Heart Disease,rulegp,0.3135673319162079,0.05750910356836546,13.6
Heart Disease,rulensga2,0.32678814899388675,0.0710058718521377,5.4
Heart Disease,ruleplcs,0.2020328527656574,0.04085429903421509,67.2
DNF (3x2),rulegp,0.9604007347770629,0.05293572032467334,6.2
DNF (3x2),rulensga2,0.813962512133531,0.08569446126891668,5.8
DNF (3x2),ruleplcs,1.0,0.0,24.6
XOR (3-bit),rulegp,0.7431198372161999,0.10923498811925764,6.4
XOR (3-bit),rulensga2,0.7061260562537607,0.15553472908235916,7.6
XOR (3-bit),ruleplcs,1.0,0.0,12.0
Checkerboard,rulegp,0.6056151434355879,0.02076544900888502,7.6
Checkerboard,rulensga2,0.49577597790395167,0.03351976790401326,9.6
Checkerboard,ruleplcs,0.9358896669878582,0.02410396080758869,52.4
Monk-3,rulegp,0.9237448756175606,0.04775259448306749,3.4
Monk-3,rulensga2,0.8917689093050312,0.06862266136629175,3.2
Monk-3,ruleplcs,0.8820203929951349,0.013238426360493931,59.2
Imbalanced,rulegp,0.8902545503080944,0.030151926834001603,2.6
Imbalanced,rulensga2,0.8568806173629028,0.04099049735390976,2.6
Imbalanced,ruleplcs,0.8516806275470173,0.03800202839566621,42.2
